track_id,track_name,artist_name,artist_id,album_name,release_date,genre,popularity,duration_ms,explicit,danceability,energy,loudness,tempo,valence,acousticness,instrumentalness,speechiness,liveness,key,mode,streams,streams_M
tr7955947203566,Shake It Off,Taylor Swift,06HL4z0CvFAxyc27GXpf02,1989,2014-01-01,pop,88,229901,False,0.65,0.8,-5.7,160,0.89,0.06,0.0299,0.08,0.097,10,0,1393809899,1393.8
tr0694610158315,Blank Space,Taylor Swift,06HL4z0CvFAxyc27GXpf02,1989,2014-01-01,pop,87,210852,False,0.72,0.69,-6.2,96,0.69,0.04,0.0301,0.257,0.056,1,1,605995115,606.0
tr6958829145096,Style,Taylor Swift,06HL4z0CvFAxyc27GXpf02,1989,2014-01-01,pop,86,200915,True,0.54,0.74,-7.0,95,0.39,0.06,0.0092,0.127,0.207,11,0,683353174,683.4
tr0607512211679,Bad Blood,Taylor Swift,06HL4z0CvFAxyc27GXpf02,1989,2015-01-01,pop,83,231276,True,0.72,0.8,-5.3,172,0.57,0.02,0.0306,0.075,0.138,2,1,334794446,334.8
tr4008681585146,Look What You Made Me Do,Taylor Swift,06HL4z0CvFAxyc27GXpf02,reputation,2017-01-01,pop,85,291784,True,0.71,0.59,-6.3,129,0.16,0.1,0.0304,0.085,0.07,3,0,661777576,661.8
tr6785575495035,Delicate,Taylor Swift,06HL4z0CvFAxyc27GXpf02,reputation,2017-01-01,pop,84,226826,False,0.66,0.4,-8.5,95,0.66,0.22,0.0404,0.127,0.079,3,1,665427473,665.4
tr1399497069518,Lover,Taylor Swift,06HL4z0CvFAxyc27GXpf02,Lover,2019-01-01,pop,88,184353,False,0.35,0.51,-8.2,69,0.95,0.57,0.0017,0.321,0.128,7,1,1018619694,1018.6
tr9360750313892,Cruel Summer,Taylor Swift,06HL4z0CvFAxyc27GXpf02,Lover,2019-01-01,pop,97,210147,False,0.55,0.7,-5.7,170,0.45,0.1,0.026,0.205,0.105,1,1,2000000000,2000.0
tr2445161632941,cardigan,Taylor Swift,06HL4z0CvFAxyc27GXpf02,folklore,2020-01-01,folk pop,91,149649,False,0.51,0.45,-9.5,110,0.57,0.61,0.0364,0.134,0.221,11,0,1375487122,1375.5
tr1042787338719,exile,Taylor Swift,06HL4z0CvFAxyc27GXpf02,folklore,2020-01-01,folk pop,88,183683,False,0.36,0.34,-11.1,80,0.47,0.72,0.0422,0.269,0.212,7,1,681350652,681.4
tr2825091572885,willow,Taylor Swift,06HL4z0CvFAxyc27GXpf02,evermore,2020-01-01,folk pop,89,217892,True,0.4,0.4,-10.2,78,0.56,0.64,0.0148,0.083,0.055,8,1,741664675,741.7
tr8875657404215,champagne problems,Taylor Swift,06HL4z0CvFAxyc27GXpf02,evermore,2020-01-01,folk pop,87,227573,False,0.38,0.36,-11.5,75,0.38,0.75,0.0147,0.035,0.11,7,0,323501154,323.5
tr0223039931877,Anti-Hero,Taylor Swift,06HL4z0CvFAxyc27GXpf02,Midnights,2022-01-01,pop,99,229281,False,0.64,0.59,-7.5,97,0.49,0.24,0.0326,0.323,0.305,11,1,2200000000,2200.0
tr6296991534006,Lavender Haze,Taylor Swift,06HL4z0CvFAxyc27GXpf02,Midnights,2022-01-01,pop,91,254109,True,0.73,0.62,-8.2,160,0.6,0.15,0.0185,0.244,0.25,11,1,1080002797,1080.0
tr3639298899011,Midnight Rain,Taylor Swift,06HL4z0CvFAxyc27GXpf02,Midnights,2022-01-01,pop,87,228736,False,0.52,0.47,-9.8,90,0.41,0.38,0.0486,0.302,0.267,6,0,351303689,351.3
tr0201658232704,Fortnight,Taylor Swift,06HL4z0CvFAxyc27GXpf02,The Tortured Poets Department,2024-01-01,pop,97,164471,True,0.54,0.48,-11.2,106,0.29,0.51,0.002,0.257,0.083,11,0,2613696514,2613.7
tr5148975350413,Down Bad,Taylor Swift,06HL4z0CvFAxyc27GXpf02,The Tortured Poets Department,2024-01-01,pop,88,219514,False,0.55,0.55,-10.5,108,0.3,0.4,0.0282,0.253,0.092,6,0,864686346,864.7
tr7825760599250,So Long London,Taylor Swift,06HL4z0CvFAxyc27GXpf02,The Tortured Poets Department,2024-01-01,pop,86,211597,False,0.4,0.42,-12.0,100,0.22,0.6,0.0102,0.332,0.23,2,1,244301311,244.3
tr3467787763217,The Bolter,Taylor Swift,06HL4z0CvFAxyc27GXpf02,The Tortured Poets Department,2025-01-01,pop,85,223791,True,0.5,0.5,-10.0,105,0.45,0.45,0.0053,0.176,0.116,3,1,552281713,552.3
tr7032638956042,Blinding Lights,The Weeknd,1Xyo4u8uXC1ZmMpatF05PJ,After Hours,2019-01-01,pop,99,241898,False,0.51,0.73,-5.9,171,0.33,0.0,0.0162,0.069,0.157,0,0,4200000000,4200.0
tr7306362119649,Starboy,The Weeknd,1Xyo4u8uXC1ZmMpatF05PJ,Starboy,2016-01-01,pop,93,203236,False,0.68,0.59,-7.0,186,0.53,0.0,0.043,0.032,0.203,8,1,2265971436,2266.0
tr4045848408875,Save Your Tears,The Weeknd,1Xyo4u8uXC1ZmMpatF05PJ,After Hours,2020-01-01,pop,95,171094,True,0.66,0.82,-5.9,118,0.66,0.0,0.006,0.138,0.333,5,1,2439560189,2439.6
tr6068513416088,Die For You,The Weeknd,1Xyo4u8uXC1ZmMpatF05PJ,Starboy,2016-01-01,r&b,97,271585,False,0.51,0.46,-9.1,121,0.37,0.06,0.0486,0.338,0.126,1,0,2200000000,2200.0
tr6628741760661,Can't Feel My Face,The Weeknd,1Xyo4u8uXC1ZmMpatF05PJ,Beauty Behind the Madness,2015-01-01,pop,90,220237,False,0.71,0.82,-5.1,113,0.64,0.0,0.0142,0.042,0.233,1,1,1056276429,1056.3
tr8347134631982,The Hills,The Weeknd,1Xyo4u8uXC1ZmMpatF05PJ,Beauty Behind the Madness,2015-01-01,r&b,87,209229,True,0.42,0.47,-10.1,85,0.09,0.01,0.0245,0.345,0.123,3,0,394484955,394.5
tr7930057426710,I Feel It Coming,The Weeknd,1Xyo4u8uXC1ZmMpatF05PJ,Starboy,2016-01-01,pop,88,224046,False,0.7,0.62,-8.2,90,0.87,0.01,0.0119,0.263,0.16,3,1,1204923235,1204.9
tr1933395136336,Popular,The Weeknd,1Xyo4u8uXC1ZmMpatF05PJ,The Idol OST,2023-01-01,pop,88,232605,True,0.65,0.72,-5.8,117,0.52,0.01,0.0418,0.133,0.106,2,1,843573605,843.6
tr2675980881865,Timeless,The Weeknd,1Xyo4u8uXC1ZmMpatF05PJ,Hurry Up Tomorrow,2024-01-01,r&b,90,280713,False,0.62,0.65,-7.2,120,0.48,0.05,0.011,0.258,0.293,3,1,1295808713,1295.8
tr6364705117294,São Paulo,The Weeknd,1Xyo4u8uXC1ZmMpatF05PJ,Hurry Up Tomorrow,2024-01-01,r&b,86,227840,False,0.68,0.7,-6.5,115,0.55,0.03,0.0338,0.265,0.113,9,0,343938879,343.9
tr2975280818083,Cry For Me,The Weeknd,1Xyo4u8uXC1ZmMpatF05PJ,Hurry Up Tomorrow,2025-01-01,r&b,88,140909,True,0.6,0.62,-7.8,112,0.42,0.04,0.0087,0.344,0.205,0,1,950942878,950.9
tr8459565740217,Crazy in Love,Beyoncé,6vWDO969PvNqNYHIOW5v0m,Dangerously in Love,2003-01-01,pop,85,245014,True,0.8,0.72,-5.5,100,0.75,0.01,0.0139,0.254,0.304,3,1,496496444,496.5
tr9089312088988,Halo,Beyoncé,6vWDO969PvNqNYHIOW5v0m,I Am... Sasha Fierce,2008-01-01,pop,86,219572,False,0.48,0.37,-6.4,68,0.51,0.29,0.0444,0.302,0.331,3,1,847861965,847.9
tr1302534690374,Single Ladies,Beyoncé,6vWDO969PvNqNYHIOW5v0m,I Am... Sasha Fierce,2008-01-01,pop,87,240619,False,0.86,0.79,-5.2,113,0.74,0.0,0.047,0.342,0.135,1,1,560491401,560.5
tr0813679942872,Lemonade,Beyoncé,6vWDO969PvNqNYHIOW5v0m,Lemonade,2016-01-01,pop,84,268657,False,0.62,0.55,-7.8,100,0.6,0.18,0.0326,0.102,0.264,0,1,338649911,338.6
tr1663990283214,Cuff It,Beyoncé,6vWDO969PvNqNYHIOW5v0m,Renaissance,2022-01-01,dance-pop,89,249757,False,0.82,0.75,-5.0,108,0.9,0.04,0.0425,0.24,0.22,11,0,874999360,875.0
tr6449264391772,BREAK MY SOUL,Beyoncé,6vWDO969PvNqNYHIOW5v0m,Renaissance,2022-01-01,dance-pop,88,190379,False,0.8,0.85,-4.5,128,0.85,0.0,0.0133,0.108,0.342,2,1,1229918747,1229.9
tr8053785634378,TEXAS HOLD 'EM,Beyoncé,6vWDO969PvNqNYHIOW5v0m,Cowboy Carter,2024-01-01,country,95,210773,False,0.65,0.68,-6.5,108,0.75,0.08,0.0323,0.244,0.309,11,0,800000000,800.0
tr3816322553060,16 CARRIAGES,Beyoncé,6vWDO969PvNqNYHIOW5v0m,Cowboy Carter,2024-01-01,country,88,241164,False,0.55,0.58,-7.8,96,0.55,0.2,0.0286,0.276,0.063,11,1,1180533259,1180.5
tr6819994275597,JOLENE,Beyoncé,6vWDO969PvNqNYHIOW5v0m,Cowboy Carter,2024-01-01,country,87,161502,False,0.6,0.62,-7.0,102,0.62,0.15,0.0374,0.335,0.149,4,0,527163127,527.2
tr5054391932643,YA YA,Beyoncé,6vWDO969PvNqNYHIOW5v0m,Cowboy Carter,2024-01-01,country,85,207705,False,0.7,0.72,-6.0,110,0.68,0.1,0.0427,0.124,0.166,6,0,206502002,206.5
tr9738961534294,God's Plan,Drake,3TVXtAsR1Inumwj472S9r4,Scorpion,2018-01-01,hip-hop,95,187218,False,0.75,0.44,-9.2,77,0.33,0.01,0.0468,0.253,0.221,7,1,1800000000,1800.0
tr1091695255990,One Dance,Drake,3TVXtAsR1Inumwj472S9r4,Views,2016-01-01,hip-hop,92,199611,False,0.79,0.62,-7.3,104,0.65,0.1,0.0495,0.075,0.205,1,1,2900000000,2900.0
tr3470690322188,Hotline Bling,Drake,3TVXtAsR1Inumwj472S9r4,If You're Reading This,2015-01-01,hip-hop,91,241173,False,0.54,0.3,-13.5,135,0.64,0.08,0.018,0.124,0.293,2,1,806754537,806.8
tr4700486795432,In My Feelings,Drake,3TVXtAsR1Inumwj472S9r4,Scorpion,2018-01-01,hip-hop,88,246985,False,0.82,0.51,-6.4,91,0.67,0.01,0.0457,0.194,0.2,3,0,1141716508,1141.7
tr2848516704806,Passionfruit,Drake,3TVXtAsR1Inumwj472S9r4,More Life,2017-01-01,hip-hop,87,210040,True,0.69,0.55,-8.9,113,0.8,0.12,0.0443,0.039,0.224,6,0,625986550,626.0
tr6202595762149,Rich Flex,Drake,3TVXtAsR1Inumwj472S9r4,Her Loss,2022-01-01,hip-hop,93,194384,True,0.82,0.63,-4.2,148,0.28,0.07,0.0233,0.204,0.136,9,1,2329839994,2329.8
tr6544451115990,Jimmy Cooks,Drake,3TVXtAsR1Inumwj472S9r4,"Honestly, Nevermind",2022-01-01,hip-hop,87,200842,True,0.77,0.6,-5.5,135,0.35,0.02,0.0261,0.276,0.115,4,0,213318126,213.3
tr4920776198027,Search & Rescue,Drake,3TVXtAsR1Inumwj472S9r4,For All The Dogs,2023-01-01,hip-hop,86,247668,True,0.62,0.48,-9.0,78,0.35,0.15,0.0026,0.2,0.212,6,1,228606069,228.6
tr6501920279631,Family Matters,Drake,3TVXtAsR1Inumwj472S9r4,Family Matters,2024-01-01,hip-hop,92,154245,False,0.85,0.72,-4.8,148,0.4,0.01,0.0135,0.17,0.074,4,1,940994264,941.0
tr8397838255463,Money Trees,Kendrick Lamar,2YZyLoL8N0Wb9xBt1NhZWg,"good kid, m.A.A.d city",2012-01-01,hip-hop,87,220593,False,0.66,0.47,-8.6,137,0.32,0.04,0.0418,0.253,0.173,9,1,642253596,642.3
tr9371979283321,Swimming Pools,Kendrick Lamar,2YZyLoL8N0Wb9xBt1NhZWg,"good kid, m.A.A.d city",2012-01-01,hip-hop,85,200751,False,0.77,0.55,-7.8,83,0.1,0.03,0.0357,0.241,0.134,6,1,678614385,678.6
tr4140897894140,King Kunta,Kendrick Lamar,2YZyLoL8N0Wb9xBt1NhZWg,To Pimp a Butterfly,2015-01-01,hip-hop,86,195400,False,0.82,0.62,-7.0,102,0.45,0.02,0.0306,0.164,0.124,2,0,455456304,455.5
tr3446771613081,Alright,Kendrick Lamar,2YZyLoL8N0Wb9xBt1NhZWg,To Pimp a Butterfly,2015-01-01,hip-hop,87,204818,True,0.73,0.64,-7.5,100,0.42,0.03,0.0047,0.13,0.344,4,1,668766166,668.8
tr5403999364975,HUMBLE.,Kendrick Lamar,2YZyLoL8N0Wb9xBt1NhZWg,DAMN.,2017-01-01,hip-hop,92,190541,True,0.91,0.49,-7.5,150,0.43,0.02,0.0382,0.288,0.154,4,0,956183630,956.2
tr9844920428260,DNA.,Kendrick Lamar,2YZyLoL8N0Wb9xBt1NhZWg,DAMN.,2017-01-01,hip-hop,89,205268,True,0.84,0.76,-5.5,141,0.47,0.0,0.0467,0.19,0.212,3,1,1214752035,1214.8
tr2645159889960,N95,Kendrick Lamar,2YZyLoL8N0Wb9xBt1NhZWg,Mr. Morale,2022-01-01,hip-hop,87,230738,True,0.85,0.7,-5.8,145,0.42,0.01,0.0321,0.038,0.226,10,1,395942926,395.9
tr3315664997352,Not Like Us,Kendrick Lamar,2YZyLoL8N0Wb9xBt1NhZWg,GNX,2024-01-01,hip-hop,97,158078,False,0.87,0.7,-5.0,130,0.55,0.01,0.0229,0.205,0.332,2,0,1400000000,1400.0
tr1421335282693,tv off,Kendrick Lamar,2YZyLoL8N0Wb9xBt1NhZWg,GNX,2024-01-01,hip-hop,90,253416,False,0.82,0.68,-5.8,140,0.38,0.02,0.0453,0.093,0.071,1,0,1187236809,1187.2
tr4019750544964,reincarnated,Kendrick Lamar,2YZyLoL8N0Wb9xBt1NhZWg,GNX,2024-01-01,hip-hop,86,223429,True,0.78,0.65,-6.2,135,0.4,0.03,0.0159,0.3,0.057,1,0,475142908,475.1
tr0884303842650,Heart Pt. 6,Kendrick Lamar,2YZyLoL8N0Wb9xBt1NhZWg,GNX 2,2025-01-01,hip-hop,93,196319,True,0.85,0.72,-5.2,145,0.41,0.01,0.0059,0.253,0.239,7,1,1216509352,1216.5
tr8224158646400,Tití Me Preguntó,Bad Bunny,4q3ewBCX7sLwd24euuV69X,Un Verano Sin Ti,2022-01-01,reggaeton,95,228459,False,0.9,0.73,-3.8,180,0.93,0.02,0.0212,0.212,0.223,2,1,2100000000,2100.0
tr9782561247289,Me Porto Bonito,Bad Bunny,4q3ewBCX7sLwd24euuV69X,Un Verano Sin Ti,2022-01-01,reggaeton,96,212638,True,0.88,0.8,-4.2,97,0.88,0.01,0.0125,0.216,0.31,4,1,2170971734,2171.0
tr4379662919255,Dakiti,Bad Bunny,4q3ewBCX7sLwd24euuV69X,El Último Tour Del Mundo,2020-01-01,reggaeton,94,261585,False,0.82,0.75,-5.5,92,0.78,0.04,0.0052,0.319,0.202,8,1,2592241311,2592.2
tr6681788045145,Moscow Mule,Bad Bunny,4q3ewBCX7sLwd24euuV69X,Un Verano Sin Ti,2022-01-01,reggaeton,90,201814,True,0.84,0.65,-5.2,110,0.72,0.06,0.005,0.047,0.338,2,1,1061427772,1061.4
tr0715756858871,Yonaguni,Bad Bunny,4q3ewBCX7sLwd24euuV69X,El Último Tour Del Mundo,2020-01-01,reggaeton,88,226761,False,0.78,0.62,-6.5,90,0.74,0.08,0.0241,0.188,0.075,4,0,1170098583,1170.1
tr1482096624928,LOUNGE,Bad Bunny,4q3ewBCX7sLwd24euuV69X,nadie sabe,2023-01-01,reggaeton,88,211264,False,0.78,0.65,-6.5,98,0.7,0.08,0.0277,0.098,0.334,8,0,1058666331,1058.7
tr0649182875282,DtMF,Bad Bunny,4q3ewBCX7sLwd24euuV69X,DeBÍ TiRAR MáS FOToS,2025-01-01,reggaeton,94,214632,True,0.85,0.75,-5.0,100,0.82,0.04,0.0275,0.171,0.316,10,0,1970800675,1970.8
tr2402505247942,CAFÉ CON RON,Bad Bunny,4q3ewBCX7sLwd24euuV69X,DeBÍ TiRAR MáS FOToS,2025-01-01,reggaeton,90,188082,True,0.8,0.7,-5.5,105,0.78,0.06,0.0071,0.274,0.235,5,0,496494193,496.5
tr0971165568174,EL CLUB,Bad Bunny,4q3ewBCX7sLwd24euuV69X,DeBÍ TiRAR MáS FOToS,2025-01-01,reggaeton,88,171816,False,0.82,0.72,-5.3,102,0.76,0.05,0.0446,0.077,0.204,5,0,769754449,769.8
tr3297933471869,Yellow,Coldplay,4gzpq5DPGxSnKTe4SA8HAU,Parachutes,2000-01-01,rock,88,203495,False,0.44,0.5,-6.7,174,0.31,0.72,0.0432,0.312,0.121,6,0,1000000000,1000.0
tr3870453855026,The Scientist,Coldplay,4gzpq5DPGxSnKTe4SA8HAU,A Rush of Blood,2002-01-01,rock,89,162701,False,0.4,0.37,-9.6,75,0.23,0.62,0.0241,0.151,0.262,9,1,1294887793,1294.9
tr4105626094898,Fix You,Coldplay,4gzpq5DPGxSnKTe4SA8HAU,X&Y,2005-01-01,rock,90,247084,False,0.28,0.22,-13.0,68,0.2,0.73,0.0217,0.111,0.172,9,1,1273101250,1273.1
tr6140246521722,Viva la Vida,Coldplay,4gzpq5DPGxSnKTe4SA8HAU,Viva la Vida,2008-01-01,rock,90,253134,False,0.44,0.55,-5.4,138,0.43,0.17,0.0481,0.15,0.136,7,0,1295838279,1295.8
tr5978788103894,A Sky Full of Stars,Coldplay,4gzpq5DPGxSnKTe4SA8HAU,Ghost Stories,2014-01-01,pop,87,238125,True,0.6,0.9,-3.7,125,0.72,0.0,0.0482,0.034,0.341,4,1,306410646,306.4
tr2315018450320,My Universe,Coldplay,4gzpq5DPGxSnKTe4SA8HAU,Music of the Spheres,2021-01-01,pop,88,221722,True,0.79,0.78,-5.4,100,0.76,0.02,0.0277,0.34,0.207,8,0,705922625,705.9
tr2530072940917,feelslikeimfallinginlove,Coldplay,4gzpq5DPGxSnKTe4SA8HAU,Moon Music,2024-01-01,pop,89,215377,False,0.72,0.75,-5.2,110,0.82,0.03,0.0227,0.231,0.225,6,0,613647939,613.6
tr7527638375297,Moon Music,Coldplay,4gzpq5DPGxSnKTe4SA8HAU,Moon Music,2024-01-01,pop,85,210701,True,0.65,0.68,-6.8,105,0.7,0.15,0.0168,0.084,0.244,7,1,608278415,608.3
tr2243693305076,New Rules,Dua Lipa,6M2wZ9GZgrQXHCFfjv46we,Dua Lipa,2017-01-01,pop,88,196981,True,0.76,0.72,-4.8,116,0.62,0.01,0.0133,0.145,0.128,10,1,1549070119,1549.1
tr9010760959025,IDGAF,Dua Lipa,6M2wZ9GZgrQXHCFfjv46we,Dua Lipa,2018-01-01,pop,86,266832,True,0.7,0.74,-5.2,120,0.68,0.02,0.0067,0.054,0.332,2,1,695744972,695.7
tr8744697313610,Don't Start Now,Dua Lipa,6M2wZ9GZgrQXHCFfjv46we,Future Nostalgia,2019-01-01,dance-pop,93,170221,False,0.76,0.79,-5.3,124,0.74,0.0,0.046,0.056,0.313,10,0,2007804013,2007.8
tr7094393657410,Levitating,Dua Lipa,6M2wZ9GZgrQXHCFfjv46we,Future Nostalgia,2020-01-01,dance-pop,94,205707,False,0.7,0.82,-4.1,103,0.92,0.0,0.024,0.345,0.163,9,0,1800000000,1800.0
tr8221831822899,Physical,Dua Lipa,6M2wZ9GZgrQXHCFfjv46we,Future Nostalgia,2020-01-01,dance-pop,86,179905,False,0.79,0.87,-4.6,127,0.77,0.0,0.0415,0.212,0.069,8,0,560621028,560.6
tr7538635378889,Break My Heart,Dua Lipa,6M2wZ9GZgrQXHCFfjv46we,Future Nostalgia,2020-01-01,dance-pop,85,221560,False,0.76,0.78,-5.5,118,0.72,0.01,0.0375,0.322,0.226,4,0,260949123,260.9
tr9653170577797,Illusion,Dua Lipa,6M2wZ9GZgrQXHCFfjv46we,Radical Optimism,2024-01-01,dance-pop,90,200468,False,0.78,0.8,-4.8,124,0.8,0.0,0.0189,0.107,0.112,0,0,1019857410,1019.9
tr9642193611967,Training Season,Dua Lipa,6M2wZ9GZgrQXHCFfjv46we,Radical Optimism,2024-01-01,dance-pop,88,188836,False,0.75,0.78,-5.0,120,0.76,0.01,0.0378,0.045,0.131,6,1,1018253675,1018.3
tr7337849499190,Houdini,Dua Lipa,6M2wZ9GZgrQXHCFfjv46we,Radical Optimism,2024-01-01,dance-pop,86,194869,False,0.76,0.77,-5.2,122,0.74,0.01,0.0238,0.296,0.142,0,1,190714590,190.7
tr7718178967857,Nonsense,Sabrina Carpenter,74KM79TiuVKeVCqs8QtB0B,emails i can't send,2022-01-01,pop,88,227411,False,0.78,0.67,-5.5,152,0.88,0.05,0.021,0.281,0.242,10,0,1187797853,1187.8
tr1325137486235,Espresso,Sabrina Carpenter,74KM79TiuVKeVCqs8QtB0B,Short n' Sweet,2024-01-01,pop,99,255262,False,0.72,0.69,-5.7,104,0.92,0.13,0.0309,0.344,0.232,1,1,1900000000,1900.0
tr3013100133867,Please Please Please,Sabrina Carpenter,74KM79TiuVKeVCqs8QtB0B,Short n' Sweet,2024-01-01,pop,96,188942,False,0.65,0.62,-6.9,130,0.82,0.14,0.0274,0.174,0.323,6,1,2149175345,2149.2
tr1071768184929,Taste,Sabrina Carpenter,74KM79TiuVKeVCqs8QtB0B,Short n' Sweet,2024-01-01,pop,91,218492,False,0.75,0.71,-5.3,120,0.85,0.1,0.0475,0.077,0.328,9,0,708142129,708.1
tr7234318791947,Good Graces,Sabrina Carpenter,74KM79TiuVKeVCqs8QtB0B,Short n' Sweet,2024-01-01,pop,88,206558,False,0.7,0.65,-6.5,115,0.8,0.12,0.0246,0.135,0.24,10,0,849600913,849.6
tr2746933738843,Mirror,Sabrina Carpenter,74KM79TiuVKeVCqs8QtB0B,S25,2025-01-01,pop,93,165059,False,0.68,0.67,-5.9,110,0.87,0.11,0.023,0.217,0.17,7,1,1417058422,1417.1
tr8677123021949,Sunrise,Sabrina Carpenter,74KM79TiuVKeVCqs8QtB0B,S25,2025-01-01,pop,91,199583,False,0.72,0.7,-5.5,118,0.85,0.1,0.0237,0.244,0.102,9,0,1036843536,1036.8
tr5149944407757,Glitter,Sabrina Carpenter,74KM79TiuVKeVCqs8QtB0B,S25,2026-01-01,pop,89,183223,True,0.74,0.68,-6.0,116,0.83,0.09,0.0084,0.119,0.103,4,1,856275458,856.3
tr5815989218307,bad guy,Billie Eilish,6qqNVTkY8uBg9cP3Jd7DAH,WHEN WE ALL FALL ASLEEP,2019-01-01,pop,93,211789,True,0.7,0.43,-13.4,135,0.56,0.0,0.0182,0.191,0.257,8,1,1900000000,1900.0
tr1750610017491,Therefore I Am,Billie Eilish,6qqNVTkY8uBg9cP3Jd7DAH,Therefore I Am,2020-01-01,pop,89,183942,False,0.73,0.56,-8.2,130,0.42,0.0,0.0314,0.056,0.312,0,1,805055146,805.1
tr1811634900767,Happier Than Ever,Billie Eilish,6qqNVTkY8uBg9cP3Jd7DAH,Happier Than Ever,2021-01-01,pop,90,220343,False,0.34,0.27,-14.5,60,0.25,0.39,0.0462,0.106,0.278,7,1,1397275419,1397.3
tr7028619041166,What Was I Made For?,Billie Eilish,6qqNVTkY8uBg9cP3Jd7DAH,Barbie OST,2023-01-01,pop,94,216069,False,0.39,0.28,-12.8,70,0.22,0.58,0.0018,0.111,0.264,6,1,2241299956,2241.3
tr9885237030847,BIRDS OF A FEATHER,Billie Eilish,6qqNVTkY8uBg9cP3Jd7DAH,HIT ME HARD AND SOFT,2024-01-01,pop,96,204253,False,0.45,0.35,-11.5,109,0.65,0.2,0.0052,0.266,0.105,6,0,2029430684,2029.4
tr4261345023584,lunch,Billie Eilish,6qqNVTkY8uBg9cP3Jd7DAH,HIT ME HARD AND SOFT,2024-01-01,pop,91,242055,False,0.74,0.68,-6.2,100,0.55,0.01,0.0045,0.201,0.12,3,0,781513680,781.5
tr4037924560009,CHIHIRO,Billie Eilish,6qqNVTkY8uBg9cP3Jd7DAH,HIT ME HARD AND SOFT,2024-01-01,pop,87,246659,False,0.42,0.32,-13.0,95,0.3,0.45,0.0043,0.202,0.226,7,1,325388658,325.4
tr8705845197650,Wildflower,Billie Eilish,6qqNVTkY8uBg9cP3Jd7DAH,HIT ME HARD AND SOFT 2,2025-01-01,pop,92,234609,False,0.5,0.4,-11.0,105,0.6,0.25,0.0064,0.121,0.159,9,1,1198757282,1198.8
tr6286598810387,Echo,Billie Eilish,6qqNVTkY8uBg9cP3Jd7DAH,HIT ME HARD AND SOFT 2,2026-01-01,pop,89,157586,False,0.48,0.38,-11.5,103,0.57,0.22,0.0303,0.106,0.081,5,1,1077456655,1077.5
tr4444778259773,360,Charli xcx,2z7ngBQTDP875qGswinqJl,BRAT,2024-01-01,pop,94,243238,True,0.88,0.87,-4.2,128,0.79,0.01,0.008,0.09,0.136,7,0,900000000,900.0
tr4573295909731,Apple,Charli xcx,2z7ngBQTDP875qGswinqJl,BRAT,2024-01-01,pop,93,238924,True,0.86,0.85,-4.5,130,0.77,0.0,0.0488,0.187,0.267,8,1,1293468056,1293.5
tr4242422991872,Von dutch,Charli xcx,2z7ngBQTDP875qGswinqJl,BRAT,2024-01-01,pop,91,219356,False,0.84,0.83,-4.8,135,0.75,0.0,0.0286,0.12,0.281,5,1,1042506900,1042.5
tr4242648465763,Sympathy is a knife,Charli xcx,2z7ngBQTDP875qGswinqJl,BRAT,2024-01-01,pop,88,192102,False,0.82,0.8,-5.0,132,0.68,0.01,0.0121,0.067,0.233,5,0,1265337247,1265.3
tr6724799052130,Mean girls,Charli xcx,2z7ngBQTDP875qGswinqJl,BRAT 2,2025-01-01,pop,92,160853,False,0.85,0.84,-4.6,132,0.76,0.01,0.0466,0.133,0.228,5,1,618605124,618.6
tr3196353589300,Club nights,Charli xcx,2z7ngBQTDP875qGswinqJl,BRAT 2,2025-01-01,pop,90,277011,False,0.86,0.82,-4.7,133,0.74,0.01,0.0101,0.249,0.076,4,0,1250252730,1250.3
tr7005083824534,Neon,Charli xcx,2z7ngBQTDP875qGswinqJl,BRAT 2,2026-01-01,pop,88,156651,False,0.84,0.8,-5.0,130,0.72,0.02,0.0298,0.181,0.174,0,0,857139268,857.1
tr4560948382977,Problem,Ariana Grande,7jy3rLJdDQY21OgRLCZ9sD,My Everything,2014-01-01,pop,86,226134,False,0.77,0.78,-5.5,146,0.77,0.01,0.0091,0.051,0.272,5,1,211496372,211.5
tr3276227946231,Into You,Ariana Grande,7jy3rLJdDQY21OgRLCZ9sD,Dangerous Woman,2016-01-01,pop,87,196880,False,0.73,0.73,-5.8,100,0.8,0.02,0.007,0.284,0.11,2,0,307664264,307.7
tr1852247766306,"thank u, next",Ariana Grande,7jy3rLJdDQY21OgRLCZ9sD,"thank u, next",2018-01-01,pop,90,197787,False,0.63,0.66,-5.0,108,0.51,0.01,0.0454,0.131,0.226,1,1,733348609,733.3
tr3274789334284,7 rings,Ariana Grande,7jy3rLJdDQY21OgRLCZ9sD,"thank u, next",2019-01-01,pop,91,194577,False,0.36,0.31,-13.8,140,0.35,0.18,0.0357,0.318,0.237,0,0,1479627289,1479.6
tr0825745665321,positions,Ariana Grande,7jy3rLJdDQY21OgRLCZ9sD,positions,2020-01-01,r&b,88,274941,False,0.74,0.5,-7.6,144,0.72,0.16,0.0196,0.2,0.07,7,0,575667821,575.7
tr6540506840754,"yes, and?",Ariana Grande,7jy3rLJdDQY21OgRLCZ9sD,eternal sunshine,2024-01-01,pop,92,167614,False,0.74,0.72,-5.2,140,0.83,0.01,0.0216,0.137,0.269,9,1,645398821,645.4
tr5498948337794,we can't be friends,Ariana Grande,7jy3rLJdDQY21OgRLCZ9sD,eternal sunshine,2024-01-01,pop,90,266174,False,0.6,0.55,-7.5,130,0.42,0.08,0.0499,0.271,0.262,10,0,921705149,921.7
tr2905821783970,supernatural,Ariana Grande,7jy3rLJdDQY21OgRLCZ9sD,AG7,2025-01-01,pop,91,214030,True,0.71,0.68,-5.8,125,0.78,0.06,0.0102,0.259,0.198,9,0,1308245991,1308.2
tr5597401678642,forever now,Ariana Grande,7jy3rLJdDQY21OgRLCZ9sD,AG7,2026-01-01,pop,89,217611,False,0.68,0.65,-6.0,122,0.75,0.07,0.0229,0.223,0.201,7,0,833246554,833.2
tr4399151551495,Get Lucky,Daft Punk,4tZwfgrHOc3mvqYlEYSvVi,Random Access Memories,2013-01-01,electronic,88,186579,False,0.86,0.72,-8.0,116,0.96,0.02,0.0204,0.277,0.054,2,0,900000000,900.0
tr3603073816459,One More Time,Daft Punk,4tZwfgrHOc3mvqYlEYSvVi,Discovery,2001-01-01,electronic,87,266184,False,0.74,0.86,-6.8,123,0.75,0.01,0.0413,0.337,0.153,5,1,648406065,648.4
tr8855243039622,Around the World,Daft Punk,4tZwfgrHOc3mvqYlEYSvVi,Homework,1997-01-01,electronic,83,230510,False,0.87,0.79,-7.9,121,0.6,0.01,0.0144,0.227,0.324,7,1,524317441,524.3
tr5622439525598,Harder Better Faster Stronger,Daft Punk,4tZwfgrHOc3mvqYlEYSvVi,Discovery,2001-01-01,electronic,85,206934,False,0.78,0.85,-7.0,123,0.47,0.0,0.0296,0.063,0.326,4,1,323787758,323.8
tr0044471928521,Instant Crush,Daft Punk,4tZwfgrHOc3mvqYlEYSvVi,Random Access Memories,2013-01-01,electronic,82,201804,True,0.61,0.47,-9.5,107,0.41,0.2,0.0326,0.277,0.162,8,1,217579928,217.6
tr6173746909729,Lose Yourself to Dance,Daft Punk,4tZwfgrHOc3mvqYlEYSvVi,Random Access Memories,2013-01-01,electronic,81,205121,True,0.84,0.6,-9.0,100,0.88,0.03,0.0093,0.298,0.15,5,0,127433759,127.4
tr1183625583392,Digital Love,Daft Punk,4tZwfgrHOc3mvqYlEYSvVi,Discovery,2001-01-01,electronic,82,200891,True,0.76,0.7,-8.2,118,0.78,0.01,0.0304,0.151,0.273,9,1,354773240,354.8
tr7615557005080,Alors On Danse,Stromae,3qFDuFkOdJJr51GxGKxCxT,Cheese,2009-01-01,electropop,84,229259,True,0.71,0.76,-7.7,129,0.41,0.03,0.0207,0.306,0.327,6,1,785284051,785.3
tr7785699861195,Papaoutai,Stromae,3qFDuFkOdJJr51GxGKxCxT,Racine Carrée,2013-01-01,electropop,85,254565,False,0.8,0.77,-5.9,119,0.44,0.03,0.0459,0.218,0.06,10,0,236536517,236.5
tr0429428374525,Formidable,Stromae,3qFDuFkOdJJr51GxGKxCxT,Racine Carrée,2013-01-01,electropop,83,229150,True,0.4,0.52,-8.8,84,0.22,0.31,0.0017,0.13,0.284,10,1,595345529,595.3
tr7981417310272,Ta Fête,Stromae,3qFDuFkOdJJr51GxGKxCxT,Racine Carrée,2013-01-01,electropop,79,169107,True,0.68,0.75,-6.5,88,0.71,0.02,0.0106,0.195,0.343,8,0,195108341,195.1
tr2269299470937,L'Enfer,Stromae,3qFDuFkOdJJr51GxGKxCxT,Multitude,2022-01-01,electropop,81,248219,False,0.54,0.48,-9.2,118,0.12,0.22,0.0092,0.126,0.143,6,0,109691299,109.7
tr5819788194047,Mon Amour,Stromae,3qFDuFkOdJJr51GxGKxCxT,Multitude,2022-01-01,electropop,80,220278,True,0.6,0.55,-8.5,110,0.55,0.18,0.0449,0.096,0.107,7,0,130691945,130.7
tr6742479567877,Défense de,Stromae,3qFDuFkOdJJr51GxGKxCxT,Album 4,2025-01-01,electropop,79,256657,False,0.65,0.58,-8.8,112,0.45,0.2,0.02,0.209,0.097,0,1,114924023,114.9
tr5438524578723,Lose Yourself,Eminem,7dGJo4pcD2V6oG8kP0tJRR,8 Mile Soundtrack,2002-01-01,hip-hop,88,135219,False,0.55,0.86,-5.4,171,0.26,0.01,0.0473,0.149,0.131,1,1,881551983,881.6
tr7556058291897,Without Me,Eminem,7dGJo4pcD2V6oG8kP0tJRR,The Eminem Show,2002-01-01,hip-hop,85,251666,True,0.76,0.85,-4.6,166,0.55,0.03,0.0098,0.192,0.229,8,0,393722756,393.7
tr5384415250133,Rap God,Eminem,7dGJo4pcD2V6oG8kP0tJRR,The Marshall Mathers LP2,2013-01-01,hip-hop,87,149770,False,0.83,0.73,-5.9,148,0.23,0.03,0.0444,0.208,0.266,2,1,645247259,645.2
tr4216062825175,Stan,Eminem,7dGJo4pcD2V6oG8kP0tJRR,The Marshall Mathers LP,2000-01-01,hip-hop,86,215390,False,0.59,0.43,-8.5,75,0.2,0.22,0.0481,0.332,0.092,6,1,721178508,721.2
tr2534068074246,Not Afraid,Eminem,7dGJo4pcD2V6oG8kP0tJRR,Recovery,2010-01-01,hip-hop,84,216847,True,0.66,0.9,-5.1,94,0.48,0.0,0.0317,0.265,0.304,2,1,306096807,306.1
tr5368730586788,Houdini,Eminem,7dGJo4pcD2V6oG8kP0tJRR,The Death of Slim Shady,2024-01-01,hip-hop,88,256021,False,0.87,0.79,-4.8,160,0.35,0.01,0.0312,0.137,0.298,2,0,568348861,568.3
tr8385307159351,Tobey,Eminem,7dGJo4pcD2V6oG8kP0tJRR,The Death of Slim Shady,2024-01-01,hip-hop,85,243747,True,0.85,0.76,-5.0,155,0.3,0.02,0.0415,0.14,0.282,8,1,440990594,441.0
tr8513182863340,Dynamite,BTS,3Nrfpe0tUJi4K4DXYWgMUX,Dynamite,2020-01-01,k-pop,90,203990,False,0.74,0.77,-4.9,114,0.74,0.01,0.039,0.067,0.22,10,1,1600000000,1600.0
tr0128618171012,Butter,BTS,3Nrfpe0tUJi4K4DXYWgMUX,Butter,2021-01-01,k-pop,91,229171,False,0.83,0.76,-5.3,110,0.93,0.0,0.0091,0.185,0.204,8,1,1104629818,1104.6
tr3072731892679,DNA,BTS,3Nrfpe0tUJi4K4DXYWgMUX,Love Yourself: Her,2017-01-01,k-pop,87,191170,True,0.76,0.87,-4.4,148,0.7,0.0,0.0323,0.165,0.09,1,0,585531111,585.5
tr5876456283102,Boy With Luv,BTS,3Nrfpe0tUJi4K4DXYWgMUX,Map of the Soul: Persona,2019-01-01,k-pop,88,263623,False,0.78,0.78,-5.8,190,0.91,0.01,0.0411,0.199,0.295,8,1,869951152,870.0
tr4312805313485,Life Goes On,BTS,3Nrfpe0tUJi4K4DXYWgMUX,BE,2020-01-01,k-pop,86,210539,False,0.49,0.39,-8.8,74,0.47,0.46,0.036,0.064,0.092,10,0,570236350,570.2
tr6618390738771,Yet To Come,BTS,3Nrfpe0tUJi4K4DXYWgMUX,Proof,2022-01-01,k-pop,87,194622,True,0.65,0.67,-6.5,120,0.68,0.05,0.0366,0.11,0.24,4,0,558749948,558.7
tr3239237528274,DDU-DU DDU-DU,BLACKPINK,1McMsnEElThX1knmY4oliL,Square Up,2018-01-01,k-pop,88,250585,False,0.8,0.82,-4.5,130,0.62,0.01,0.0385,0.165,0.156,5,0,755275379,755.3
tr3356581934809,Kill This Love,BLACKPINK,1McMsnEElThX1knmY4oliL,Kill This Love,2019-01-01,k-pop,87,222714,True,0.72,0.88,-4.2,140,0.55,0.0,0.0045,0.277,0.07,10,1,313475839,313.5
tr3130105105884,How You Like That,BLACKPINK,1McMsnEElThX1knmY4oliL,How You Like That,2020-01-01,k-pop,88,239732,False,0.78,0.82,-4.8,128,0.6,0.01,0.0305,0.334,0.169,7,1,1043339867,1043.3
tr0938742803699,Pink Venom,BLACKPINK,1McMsnEElThX1knmY4oliL,Born Pink,2022-01-01,k-pop,87,211261,True,0.75,0.84,-4.5,138,0.56,0.01,0.0242,0.116,0.212,2,0,361204962,361.2
tr2475825263878,Shut Down,BLACKPINK,1McMsnEElThX1knmY4oliL,Born Pink,2022-01-01,k-pop,86,222079,False,0.74,0.83,-4.8,135,0.52,0.01,0.0077,0.229,0.192,8,0,349421591,349.4
tr3368246037948,Ye,Burna Boy,3wcj11K77LjEY1PkEazffa,Outside,2018-01-01,afrobeats,85,221980,False,0.74,0.74,-8.1,99,0.9,0.04,0.0206,0.256,0.229,8,0,301072656,301.1
tr9245981577192,On the Low,Burna Boy,3wcj11K77LjEY1PkEazffa,African Giant,2019-01-01,afrobeats,83,244571,False,0.77,0.7,-9.0,99,0.8,0.04,0.0395,0.251,0.206,11,1,306274578,306.3
tr3426932810541,Last Last,Burna Boy,3wcj11K77LjEY1PkEazffa,"Love, Damini",2022-01-01,afrobeats,88,197166,False,0.76,0.74,-7.4,100,0.79,0.07,0.0379,0.234,0.278,4,1,1104371964,1104.4
tr2015020593377,City Boys,Burna Boy,3wcj11K77LjEY1PkEazffa,I Told Them...,2023-01-01,afrobeats,83,216192,False,0.79,0.74,-8.2,105,0.8,0.04,0.0323,0.252,0.065,9,0,369644765,369.6
tr1571992666446,Thanks,Burna Boy,3wcj11K77LjEY1PkEazffa,I Told Them...,2023-01-01,afrobeats,82,215340,True,0.77,0.72,-8.5,103,0.78,0.05,0.0294,0.35,0.217,5,1,449796351,449.8
tr7379626393792,Sittin' On Top of the World,Burna Boy,3wcj11K77LjEY1PkEazffa,I Told Them...,2023-01-01,afrobeats,84,193011,False,0.78,0.73,-8.0,102,0.82,0.05,0.0096,0.067,0.177,1,0,406061155,406.1
tr4797384063438,Essence,Wizkid,3tVQdUvClmAT7URs9V3rsp,Made in Lagos,2020-01-01,afrobeats,87,204156,False,0.82,0.65,-9.2,109,0.85,0.07,0.0422,0.132,0.299,0,1,272948830,272.9
tr7205375668377,Come Closer,Wizkid,3tVQdUvClmAT7URs9V3rsp,Sounds From the Other Side,2017-01-01,afrobeats,82,172845,True,0.79,0.63,-9.0,103,0.78,0.05,0.0038,0.253,0.152,6,0,479965287,480.0
tr0511028572311,Soco,Wizkid,3tVQdUvClmAT7URs9V3rsp,Soco,2018-01-01,afrobeats,81,230031,True,0.78,0.72,-8.5,105,0.83,0.08,0.0158,0.203,0.287,8,0,80165522,80.2
tr6005340415736,Kese,Wizkid,3tVQdUvClmAT7URs9V3rsp,Morayo,2024-01-01,afrobeats,84,241032,False,0.8,0.68,-8.7,107,0.84,0.06,0.0116,0.038,0.311,10,0,143633691,143.6
tr4745229660126,Bundle,Wizkid,3tVQdUvClmAT7URs9V3rsp,Morayo,2024-01-01,afrobeats,82,223490,True,0.78,0.66,-9.0,102,0.81,0.07,0.0192,0.328,0.071,3,0,364662784,364.7
tr5249181047113,Calm Down,Rema,2h93pZq0e7k5yf4dywlkpM,Rave & Roses,2022-01-01,afrobeats,92,199481,False,0.84,0.73,-7.5,106,0.88,0.05,0.0314,0.31,0.345,9,1,1300000000,1300.0
tr3470194863858,Bounce,Rema,2h93pZq0e7k5yf4dywlkpM,Rave & Roses,2022-01-01,afrobeats,86,257280,False,0.82,0.75,-7.8,108,0.85,0.04,0.0211,0.266,0.122,2,0,205202336,205.2
tr6548900455539,Are You There?,Rema,2h93pZq0e7k5yf4dywlkpM,Rave & Roses,2022-01-01,afrobeats,83,174666,True,0.8,0.7,-8.2,104,0.82,0.06,0.0117,0.043,0.055,8,0,458011703,458.0
tr0432436777661,Free Mind,Tems,4i9sYtSIlR80bxje5B3Hwg,For Broken Ears,2020-01-01,afrobeats,86,187440,False,0.6,0.55,-9.5,95,0.68,0.2,0.034,0.1,0.335,4,0,338935440,338.9
tr8870717373412,Essence (feat. Tems),Tems,4i9sYtSIlR80bxje5B3Hwg,Made in Lagos,2020-01-01,afrobeats,87,223220,False,0.82,0.65,-9.2,109,0.85,0.07,0.03,0.319,0.347,6,1,352541009,352.5
tr7565089283604,No Woman No Cry,Tems,4i9sYtSIlR80bxje5B3Hwg,Born in the Wild,2024-01-01,afrobeats,88,216509,True,0.55,0.52,-10.0,90,0.7,0.3,0.0201,0.298,0.119,2,0,918829142,918.8
tr7736315140126,SICKO MODE,Travis Scott,0Y5tJX1MQlPlqiwlOH1tJY,Astroworld,2018-01-01,hip-hop,92,202523,False,0.84,0.72,-5.5,155,0.12,0.0,0.0413,0.286,0.239,6,0,2000000000,2000.0
tr9898363716484,Goosebumps,Travis Scott,0Y5tJX1MQlPlqiwlOH1tJY,Birds in the Trap,2016-01-01,hip-hop,89,211878,False,0.7,0.68,-7.2,130,0.22,0.02,0.0299,0.198,0.128,2,1,1339244444,1339.2
tr4017524251736,HIGHEST IN THE ROOM,Travis Scott,0Y5tJX1MQlPlqiwlOH1tJY,HIGHEST IN THE ROOM,2019-01-01,hip-hop,88,220089,False,0.71,0.48,-9.0,140,0.18,0.05,0.0232,0.229,0.274,8,0,1039777560,1039.8
tr5792923384071,FE!N,Travis Scott,0Y5tJX1MQlPlqiwlOH1tJY,UTOPIA,2023-01-01,hip-hop,91,214909,False,0.82,0.72,-5.8,148,0.25,0.01,0.043,0.176,0.167,10,1,730108051,730.1
tr7911423747764,K-POP,Travis Scott,0Y5tJX1MQlPlqiwlOH1tJY,UTOPIA,2023-01-01,hip-hop,88,196861,False,0.78,0.68,-6.2,142,0.3,0.02,0.0018,0.135,0.329,10,0,1255025584,1255.0
tr6563613860481,Rockstar,Post Malone,246dkjvS1zLTtiykXe5h60,beerbongs & bentleys,2017-01-01,hip-hop,89,214071,True,0.59,0.53,-6.2,160,0.14,0.08,0.0126,0.032,0.259,9,1,1378453264,1378.5
tr9633599074494,Sunflower,Post Malone,246dkjvS1zLTtiykXe5h60,Hollywood's Bleeding,2018-01-01,pop,92,199471,False,0.76,0.48,-6.5,90,0.91,0.28,0.0248,0.184,0.228,9,0,2100000000,2100.0
tr7347045621572,Circles,Post Malone,246dkjvS1zLTtiykXe5h60,Hollywood's Bleeding,2019-01-01,pop,90,221713,False,0.69,0.55,-5.9,120,0.69,0.1,0.0339,0.211,0.13,5,1,1439093571,1439.1
tr4697146302685,I Had Some Help,Post Malone,246dkjvS1zLTtiykXe5h60,F-1 Trillion,2024-01-01,country pop,93,232719,False,0.72,0.65,-5.5,110,0.8,0.15,0.0434,0.257,0.301,8,0,2191347031,2191.3
tr3764568915338,Rolling in the Deep,Adele,4dpARuHxo51G3z768sgnrY,21,2010-01-01,pop,91,248261,False,0.73,0.84,-6.2,105,0.62,0.0,0.0309,0.271,0.098,10,0,1600000000,1600.0
tr7419157509825,Someone Like You,Adele,4dpARuHxo51G3z768sgnrY,21,2011-01-01,soul,90,209986,False,0.22,0.18,-11.8,68,0.13,0.7,0.0372,0.081,0.295,11,0,923620565,923.6
tr1755187766174,Set Fire to the Rain,Adele,4dpARuHxo51G3z768sgnrY,21,2011-01-01,pop,88,219401,True,0.68,0.74,-5.4,105,0.49,0.01,0.0042,0.134,0.218,7,0,1330440553,1330.4
tr5479435369918,Hello,Adele,4dpARuHxo51G3z768sgnrY,25,2015-01-01,soul,90,208364,True,0.45,0.34,-7.8,78,0.29,0.38,0.0009,0.168,0.302,11,1,576374481,576.4
tr9592962557092,Easy On Me,Adele,4dpARuHxo51G3z768sgnrY,30,2021-01-01,pop,90,220691,True,0.26,0.22,-10.8,63,0.13,0.89,0.0377,0.282,0.102,3,1,940765334,940.8
tr5802228965226,Oh My God,Adele,4dpARuHxo51G3z768sgnrY,30,2021-01-01,pop,87,237557,False,0.78,0.72,-5.5,100,0.8,0.02,0.0029,0.054,0.306,11,1,318451747,318.5
tr1392820452001,Thinking Out Loud,Ed Sheeran,6eUKZXaKkcviH0Ku9w2n3V,x,2014-01-01,pop,88,244306,False,0.78,0.44,-6.4,79,0.71,0.37,0.0297,0.153,0.07,0,1,1059585398,1059.6
tr0082591211032,Shape of You,Ed Sheeran,6eUKZXaKkcviH0Ku9w2n3V,÷,2017-01-01,pop,95,249098,True,0.83,0.65,-3.2,96,0.93,0.07,0.0001,0.081,0.191,3,0,3800000000,3800.0
tr9482577923410,Perfect,Ed Sheeran,6eUKZXaKkcviH0Ku9w2n3V,÷,2017-01-01,pop,90,201290,True,0.36,0.45,-7.2,95,0.43,0.65,0.0427,0.199,0.298,10,1,1180212335,1180.2
tr0697749045722,Bad Habits,Ed Sheeran,6eUKZXaKkcviH0Ku9w2n3V,=,2021-01-01,pop,89,228911,True,0.8,0.7,-5.9,126,0.74,0.0,0.0066,0.308,0.339,7,1,1376478446,1376.5
tr7356946690205,Shivers,Ed Sheeran,6eUKZXaKkcviH0Ku9w2n3V,=,2021-01-01,pop,86,232334,False,0.82,0.83,-3.7,141,0.89,0.0,0.0455,0.304,0.339,2,0,378885717,378.9
tr1279128029112,Eyes Closed,Ed Sheeran,6eUKZXaKkcviH0Ku9w2n3V,Subtract,2023-01-01,pop,87,159596,False,0.68,0.6,-6.5,110,0.65,0.12,0.0362,0.269,0.11,0,0,524473918,524.5
tr4161207102957,Umbrella,Rihanna,5pKCCKE2ajJHZ9KAiaK11H,Good Girl Gone Bad,2007-01-01,pop,85,197999,False,0.53,0.68,-6.2,128,0.22,0.04,0.0281,0.181,0.213,11,1,817945522,817.9
tr5334623707988,We Found Love,Rihanna,5pKCCKE2ajJHZ9KAiaK11H,Talk That Talk,2011-01-01,dance-pop,88,210240,False,0.79,0.84,-5.3,128,0.6,0.0,0.0009,0.285,0.138,7,1,1400000000,1400.0
tr7811563994397,Stay,Rihanna,5pKCCKE2ajJHZ9KAiaK11H,Unapologetic,2012-01-01,r&b,84,179400,False,0.24,0.28,-12.7,142,0.23,0.74,0.0093,0.178,0.05,6,0,383449597,383.4
tr0817306056741,Diamonds,Rihanna,5pKCCKE2ajJHZ9KAiaK11H,Unapologetic,2012-01-01,pop,86,172216,False,0.52,0.49,-8.0,123,0.44,0.25,0.0113,0.081,0.245,4,0,389832060,389.8
tr7964675645423,Work,Rihanna,5pKCCKE2ajJHZ9KAiaK11H,Anti,2016-01-01,dancehall,87,233184,False,0.82,0.62,-8.2,91,0.73,0.09,0.0217,0.345,0.095,4,1,404827314,404.8
tr4986199975034,Ginza,J Balvin,1vyhD5VmyZ7KMfW5gqLgo5,Energia,2015-01-01,reggaeton,83,186889,False,0.8,0.84,-5.3,130,0.76,0.02,0.0361,0.24,0.277,11,1,629376576,629.4
tr5693694019430,Mi Gente,J Balvin,1vyhD5VmyZ7KMfW5gqLgo5,Vibras,2017-01-01,reggaeton,87,263564,False,0.85,0.77,-4.4,100,0.89,0.04,0.0362,0.27,0.094,11,0,235849619,235.8
tr6997534687591,Con Calma,J Balvin,1vyhD5VmyZ7KMfW5gqLgo5,Con Calma,2019-01-01,reggaeton,86,205299,False,0.77,0.79,-5.4,93,0.87,0.06,0.0105,0.141,0.283,1,1,444202326,444.2
tr6544077283195,AGUA,J Balvin,1vyhD5VmyZ7KMfW5gqLgo5,Colores,2020-01-01,reggaeton,84,216428,True,0.82,0.76,-5.6,98,0.85,0.05,0.0267,0.312,0.075,3,1,295674314,295.7
tr5807794173818,BICHOTA,KAROL G,1i8SpTcr7yvPOmcqrbnVXY,KG0516,2020-01-01,reggaeton,90,184951,False,0.84,0.78,-5.0,100,0.8,0.03,0.0345,0.286,0.11,6,1,727029497,727.0
tr4758415025387,MAMIII,KAROL G,1i8SpTcr7yvPOmcqrbnVXY,KG0516,2022-01-01,reggaeton,88,206566,True,0.8,0.72,-6.0,96,0.75,0.05,0.0318,0.256,0.059,5,0,642098718,642.1
tr1728077067263,TQG,KAROL G,1i8SpTcr7yvPOmcqrbnVXY,MAÑANA SERÁ BONITO,2023-01-01,reggaeton,93,216788,False,0.85,0.8,-4.8,102,0.82,0.02,0.0435,0.259,0.291,10,0,1200000000,1200.0
tr3643091218778,QLONA,KAROL G,1i8SpTcr7yvPOmcqrbnVXY,MAÑANA SERÁ BONITO,2023-01-01,reggaeton,90,195591,True,0.83,0.78,-5.0,100,0.8,0.03,0.0447,0.205,0.295,9,0,1269671864,1269.7
tr2208915217823,Si Antes Te Hubiera Conocido,KAROL G,1i8SpTcr7yvPOmcqrbnVXY,TROPICOQUI,2024-01-01,latin pop,94,227040,False,0.75,0.72,-6.2,108,0.88,0.1,0.0041,0.049,0.124,8,0,1646993310,1647.0
tr2074212657849,Hips Don't Lie,Shakira,5nGJoHHSHLv5OJhzZnKIEO,Oral Fixation Vol.2,2006-01-01,latin pop,85,280475,False,0.87,0.78,-5.0,100,0.93,0.02,0.0165,0.18,0.273,6,0,285934761,285.9
tr0713212525161,Waka Waka,Shakira,5nGJoHHSHLv5OJhzZnKIEO,Sale el Sol,2010-01-01,afropop,82,214269,False,0.82,0.78,-5.5,102,0.9,0.04,0.036,0.103,0.349,8,0,582143689,582.1
tr7034533972912,Whenever Wherever,Shakira,5nGJoHHSHLv5OJhzZnKIEO,Laundry Service,2001-01-01,latin pop,81,279268,False,0.79,0.8,-5.8,100,0.88,0.06,0.01,0.248,0.072,0,0,163230599,163.2
tr9831075806801,BZRP Music Sessions #53,Shakira,5nGJoHHSHLv5OJhzZnKIEO,BZRP Music Sessions,2023-01-01,latin pop,92,247731,False,0.72,0.65,-6.5,112,0.72,0.12,0.0371,0.166,0.154,11,1,898105861,898.1
tr8679862411057,MALAMENTE,Rosalía,79tNbIVkioBe3ButK4An0D,Los Ángeles,2017-01-01,flamenco,77,211677,False,0.3,0.32,-11.2,76,0.17,0.54,0.002,0.307,0.224,3,1,91649478,91.6
tr8110819864993,Con Altura,Rosalía,79tNbIVkioBe3ButK4An0D,Con Altura,2019-01-01,reggaeton,82,211838,False,0.82,0.74,-6.2,100,0.72,0.06,0.045,0.165,0.133,2,1,188476654,188.5
tr1590782736733,BIZCOCHITO,Rosalía,79tNbIVkioBe3ButK4An0D,MOTOMAMI,2022-01-01,pop,80,268424,False,0.88,0.74,-5.7,130,0.78,0.04,0.0105,0.229,0.239,0,0,101851199,101.9
tr3351894079439,SAOKO,Rosalía,79tNbIVkioBe3ButK4An0D,MOTOMAMI,2022-01-01,reggaeton,79,200710,False,0.83,0.82,-5.5,156,0.56,0.01,0.0316,0.149,0.204,4,0,124483681,124.5
tr5075085851520,TUYA,Rosalía,79tNbIVkioBe3ButK4An0D,MOTOMAMI,2022-01-01,pop,78,256649,True,0.72,0.65,-7.0,110,0.65,0.08,0.0219,0.061,0.172,7,0,111834680,111.8
tr6262469183240,Titanium,David Guetta,1Cs0zKBU1kc0i8ypK3B9ai,Nothing but the Beat,2011-01-01,dance-pop,85,249462,True,0.73,0.88,-4.2,126,0.68,0.0,0.0196,0.34,0.127,4,0,584721611,584.7
tr4428130285512,Without You,David Guetta,1Cs0zKBU1kc0i8ypK3B9ai,Nothing but the Beat,2011-01-01,dance-pop,84,162808,False,0.64,0.82,-4.8,122,0.6,0.01,0.0387,0.072,0.341,10,1,255365927,255.4
tr3589236198430,When Love Takes Over,David Guetta,1Cs0zKBU1kc0i8ypK3B9ai,One Love,2009-01-01,electronic,82,152145,False,0.72,0.85,-5.0,128,0.72,0.0,0.0215,0.11,0.235,0,0,424872087,424.9
tr4421812405088,Hey Mama,David Guetta,1Cs0zKBU1kc0i8ypK3B9ai,Listen,2014-01-01,electronic,83,222625,True,0.78,0.84,-4.5,130,0.75,0.01,0.0084,0.042,0.271,4,1,430439822,430.4
tr3420922590687,Wake Me Up,Avicii,7vk5e3vY1uw9plTHJAMucX,True,2013-01-01,electronic,88,251435,False,0.72,0.85,-4.2,124,0.75,0.2,0.0293,0.308,0.112,3,1,1376760878,1376.8
tr1915846956695,Levels,Avicii,7vk5e3vY1uw9plTHJAMucX,Levels,2011-01-01,electronic,86,212314,False,0.82,0.89,-4.5,126,0.7,0.0,0.0061,0.104,0.066,0,0,617749215,617.7
tr6421412345035,The Nights,Avicii,7vk5e3vY1uw9plTHJAMucX,Stories,2014-01-01,electronic,87,196283,True,0.68,0.88,-4.0,128,0.78,0.05,0.0052,0.217,0.256,3,0,517143309,517.1
tr0168739007500,Without You,Avicii,7vk5e3vY1uw9plTHJAMucX,True,2013-01-01,electronic,84,198897,False,0.65,0.8,-5.5,120,0.65,0.08,0.0343,0.036,0.147,8,0,378041175,378.0
tr5070336080069,Feel So Close,Calvin Harris,4NZvixzsSefsNiIqXn0NDe,18 Months,2011-01-01,electronic,83,244940,False,0.79,0.88,-4.2,127,0.8,0.0,0.0333,0.075,0.059,3,1,340149135,340.1
tr7486659731509,Summer,Calvin Harris,4NZvixzsSefsNiIqXn0NDe,Motion,2014-01-01,dance-pop,84,128112,False,0.78,0.87,-4.5,128,0.82,0.01,0.0366,0.082,0.107,6,1,748336068,748.3
tr0764125702277,This Is What You Came For,Calvin Harris,4NZvixzsSefsNiIqXn0NDe,This Is What You Came For,2016-01-01,dance-pop,85,201246,False,0.66,0.82,-5.0,124,0.58,0.01,0.0128,0.242,0.344,10,1,604727854,604.7
tr9818066624697,One Kiss,Calvin Harris,4NZvixzsSefsNiIqXn0NDe,One Kiss,2018-01-01,dance-pop,84,197184,True,0.72,0.8,-5.5,124,0.7,0.02,0.0122,0.296,0.309,0,1,294833406,294.8
tr4378285007029,Djadja,Aya Nakamura,2RQXRUsr4IW1f3mKyKsy4B,Nakamura,2018-01-01,afropop,86,220948,False,0.84,0.73,-7.2,100,0.82,0.03,0.03,0.331,0.298,4,0,800000000,800.0
tr8338720239298,Pookie,Aya Nakamura,2RQXRUsr4IW1f3mKyKsy4B,Nakamura,2018-01-01,afropop,82,207211,True,0.82,0.7,-7.8,98,0.78,0.05,0.0329,0.35,0.064,8,0,624552551,624.6
tr8264712962226,Copines,Aya Nakamura,2RQXRUsr4IW1f3mKyKsy4B,Nakamura,2018-01-01,afropop,83,245154,False,0.8,0.72,-7.5,102,0.8,0.04,0.0284,0.266,0.314,5,1,591885007,591.9
tr2062726938192,Comportement,Aya Nakamura,2RQXRUsr4IW1f3mKyKsy4B,Aya,2020-01-01,afropop,81,207428,False,0.78,0.7,-8.0,100,0.75,0.06,0.0219,0.318,0.313,6,0,100596085,100.6
tr7576101093897,Jolie nana,Aya Nakamura,2RQXRUsr4IW1f3mKyKsy4B,DNK,2021-01-01,afropop,83,205413,True,0.82,0.72,-7.2,102,0.8,0.04,0.0325,0.135,0.239,9,0,226381834,226.4
tr0086611077243,Je sais pas,Aya Nakamura,2RQXRUsr4IW1f3mKyKsy4B,NAKAMURA 2024,2024-01-01,afropop,85,243445,False,0.84,0.74,-7.0,104,0.82,0.03,0.019,0.206,0.229,0,0,513187260,513.2
tr6085411453914,Nombreux,Angèle,4tX2TplrkIP4v05BNC903e,Brol,2018-01-01,pop,78,264260,False,0.75,0.65,-7.5,108,0.75,0.08,0.0232,0.152,0.309,1,1,205182738,205.2
tr0979421996800,Balance ton quoi,Angèle,4tX2TplrkIP4v05BNC903e,Brol,2018-01-01,pop,80,245294,False,0.72,0.62,-8.0,104,0.68,0.1,0.0407,0.065,0.095,4,0,101674888,101.7
tr5249501701179,Flou,Angèle,4tX2TplrkIP4v05BNC903e,Nonante-cinq,2021-01-01,pop,76,284858,False,0.68,0.58,-8.5,100,0.62,0.14,0.0406,0.26,0.337,4,0,95408186,95.4
tr6067091877089,Bruxelles je t'aime,Angèle,4tX2TplrkIP4v05BNC903e,Nonante-cinq,2021-01-01,pop,74,236754,False,0.65,0.55,-9.0,98,0.58,0.18,0.0448,0.053,0.336,3,0,41292607,41.3
tr8735700819269,Nights,Frank Ocean,2P5sC9cVZDToPxyomzF1UH,Blonde,2016-01-01,r&b,88,178480,False,0.59,0.47,-10.2,104,0.36,0.12,0.0097,0.083,0.235,4,1,1349358890,1349.4
tr5766272127505,Pyramids,Frank Ocean,2P5sC9cVZDToPxyomzF1UH,channel ORANGE,2012-01-01,r&b,84,200538,False,0.62,0.55,-9.0,108,0.42,0.15,0.0465,0.2,0.224,9,1,395907022,395.9
tr2772987969510,Pink + White,Frank Ocean,2P5sC9cVZDToPxyomzF1UH,Blonde,2016-01-01,r&b,85,193494,False,0.52,0.42,-10.5,95,0.48,0.22,0.0412,0.197,0.087,11,1,605960041,606.0
tr7898806573738,Thinkin Bout You,Frank Ocean,2P5sC9cVZDToPxyomzF1UH,channel ORANGE,2012-01-01,r&b,86,261760,False,0.6,0.45,-9.5,100,0.52,0.18,0.0092,0.124,0.288,9,1,433154819,433.2
tr5344698941087,Good Days,SZA,1RyvyyTE3xzB2ZywiAwp0i,Good Days,2020-01-01,r&b,88,214410,False,0.65,0.5,-9.5,98,0.58,0.3,0.0275,0.044,0.24,10,0,771620037,771.6
tr7050073288900,Kill Bill,SZA,1RyvyyTE3xzB2ZywiAwp0i,SOS,2022-01-01,r&b,92,231574,False,0.69,0.52,-9.0,100,0.55,0.25,0.041,0.313,0.118,8,0,996925089,996.9
tr6591939409879,Snooze,SZA,1RyvyyTE3xzB2ZywiAwp0i,SOS,2022-01-01,r&b,90,172921,False,0.62,0.48,-10.0,95,0.52,0.28,0.045,0.143,0.121,4,1,680884890,680.9
tr2102893288773,Nobody Gets Me,SZA,1RyvyyTE3xzB2ZywiAwp0i,SOS,2022-01-01,r&b,88,267487,True,0.64,0.5,-9.5,98,0.55,0.26,0.0411,0.166,0.25,1,0,674409290,674.4
tr3181809538217,Saturn,SZA,1RyvyyTE3xzB2ZywiAwp0i,LANA,2024-01-01,r&b,91,189939,False,0.68,0.55,-9.0,100,0.6,0.22,0.0084,0.266,0.309,6,0,1321075776,1321.1
tr5510623920746,Say So,Doja Cat,6S2OmqARrzebs0tKUEyXyp,Hot Pink,2020-01-01,pop,91,279354,True,0.75,0.66,-6.5,111,0.82,0.08,0.0012,0.235,0.232,10,1,1546734126,1546.7
tr4090443153681,Kiss Me More,Doja Cat,6S2OmqARrzebs0tKUEyXyp,Planet Her,2021-01-01,pop,88,237027,True,0.72,0.62,-7.0,108,0.78,0.1,0.0071,0.118,0.229,1,0,1312816208,1312.8
tr7715087554857,Need to Know,Doja Cat,6S2OmqARrzebs0tKUEyXyp,Planet Her,2021-01-01,pop,87,174435,False,0.78,0.68,-6.2,112,0.72,0.06,0.0223,0.262,0.055,7,1,234499225,234.5
tr0271836172879,Paint The Town Red,Doja Cat,6S2OmqARrzebs0tKUEyXyp,Scarlet,2023-01-01,hip-hop,93,226698,False,0.8,0.72,-5.5,115,0.68,0.04,0.0453,0.277,0.129,4,0,1582788603,1582.8
tr4390594201718,Agora Hills,Doja Cat,6S2OmqARrzebs0tKUEyXyp,Scarlet,2023-01-01,hip-hop,88,251122,False,0.76,0.68,-6.0,110,0.72,0.06,0.0201,0.147,0.153,6,1,674460962,674.5
tr4072267103859,Thriller,Michael Jackson,3fMbdgg4jU18AjLCKBhRSm,Thriller,1982-01-01,pop,87,252156,False,0.7,0.6,-6.7,118,0.94,0.08,0.0035,0.235,0.131,7,1,575761651,575.8
tr2142455474286,Billie Jean,Michael Jackson,3fMbdgg4jU18AjLCKBhRSm,Thriller,1982-01-01,pop,88,208552,False,0.72,0.68,-5.5,117,0.86,0.01,0.0115,0.176,0.107,1,0,1720890328,1720.9
tr4429229805969,Beat It,Michael Jackson,3fMbdgg4jU18AjLCKBhRSm,Thriller,1982-01-01,rock,84,170012,False,0.53,0.83,-5.4,139,0.56,0.01,0.0223,0.137,0.224,9,1,484712868,484.7
tr5879784237510,Man in the Mirror,Michael Jackson,3fMbdgg4jU18AjLCKBhRSm,Bad,1988-01-01,pop,85,175110,False,0.55,0.37,-6.5,100,0.73,0.49,0.0317,0.272,0.101,9,1,754924246,754.9
tr6888961155367,Black or White,Michael Jackson,3fMbdgg4jU18AjLCKBhRSm,Dangerous,1991-01-01,pop,84,252474,True,0.65,0.72,-5.8,116,0.62,0.05,0.015,0.344,0.192,6,1,371417681,371.4
tr4900826438721,Jailhouse Rock,Elvis Presley,2h93pZq0e7k5yf4dywlkpa,Elvis' Golden Records,1957-01-01,rock and roll,78,205997,False,0.75,0.8,-7.5,165,0.88,0.05,0.001,0.266,0.281,0,0,142353395,142.4
tr3318770142427,Suspicious Minds,Elvis Presley,2h93pZq0e7k5yf4dywlkpa,From Elvis in Memphis,1969-01-01,pop,75,195540,True,0.62,0.65,-7.8,100,0.68,0.18,0.0394,0.307,0.233,11,1,131603185,131.6
tr1233505749982,No Woman No Cry,Bob Marley,5tth3PxQI5HkEbYTmVEFIJ,Natty Dread,1974-01-01,reggae,84,223201,True,0.72,0.55,-9.0,74,0.8,0.22,0.0032,0.068,0.118,1,0,234906576,234.9
tr7835386977384,Redemption Song,Bob Marley,5tth3PxQI5HkEbYTmVEFIJ,Uprising,1980-01-01,reggae,85,159913,False,0.48,0.38,-11.5,76,0.72,0.82,0.0224,0.222,0.205,2,1,245803123,245.8
tr1026226957405,One Love,Bob Marley,5tth3PxQI5HkEbYTmVEFIJ,Exodus,1977-01-01,reggae,83,230239,False,0.78,0.68,-8.5,84,0.88,0.12,0.0496,0.302,0.113,0,1,187698333,187.7
tr9069376432263,Bohemian Rhapsody,Queen,1dfeR4HaWDbWqFHLkxsg1d,A Night at the Opera,1975-01-01,rock,86,280757,False,0.38,0.48,-10.5,72,0.21,0.28,0.0266,0.261,0.092,6,1,656902494,656.9
tr2528262903756,We Will Rock You,Queen,1dfeR4HaWDbWqFHLkxsg1d,News of the World,1977-01-01,rock,84,235419,False,0.75,0.82,-6.5,81,0.65,0.06,0.0161,0.037,0.096,2,1,544565906,544.6
tr2889395669007,Don't Stop Me Now,Queen,1dfeR4HaWDbWqFHLkxsg1d,Jazz,1978-01-01,rock,85,217619,False,0.8,0.82,-6.2,156,0.97,0.02,0.0288,0.183,0.144,0,1,505216815,505.2
tr3183852089104,Heroes,David Bowie,3dRfiJ2650SZu6GbydcHNb,Heroes,1977-01-01,rock,83,231400,False,0.45,0.62,-9.5,112,0.35,0.12,0.0415,0.132,0.336,5,0,225175477,225.2
tr8039110152931,Space Oddity,David Bowie,3dRfiJ2650SZu6GbydcHNb,Space Oddity,1969-01-01,rock,81,191013,False,0.38,0.38,-11.5,78,0.3,0.45,0.0253,0.104,0.074,11,1,164595630,164.6
tr1579763140497,Rehab,Amy Winehouse,1Mxqyy3pSjf8kZZL4QVxS0,Back to Black,2006-01-01,soul,83,225546,True,0.68,0.72,-7.2,112,0.62,0.08,0.0297,0.33,0.313,11,0,332681307,332.7
tr6576346173236,Back to Black,Amy Winehouse,1Mxqyy3pSjf8kZZL4QVxS0,Back to Black,2006-01-01,soul,84,178709,False,0.62,0.55,-8.5,100,0.32,0.22,0.0325,0.079,0.068,2,1,259427850,259.4
tr9669103527345,Valerie,Amy Winehouse,1Mxqyy3pSjf8kZZL4QVxS0,Back to Black,2006-01-01,soul,82,232997,False,0.72,0.68,-7.0,108,0.72,0.05,0.0029,0.348,0.067,7,0,470230727,470.2
tr8592969969703,Radioactive,Imagine Dragons,53XhwfbYqKCa1cC15pYq2q,Night Visions,2012-01-01,pop rock,86,196597,False,0.58,0.72,-5.8,137,0.26,0.04,0.0031,0.193,0.349,0,0,438823733,438.8
tr2799919278010,Believer,Imagine Dragons,53XhwfbYqKCa1cC15pYq2q,Evolve,2017-01-01,pop rock,87,205925,False,0.75,0.8,-5.5,125,0.58,0.02,0.0153,0.23,0.208,6,1,594292074,594.3
tr3282933954265,Enemy,Imagine Dragons,53XhwfbYqKCa1cC15pYq2q,Arcane Soundtrack,2021-01-01,pop rock,89,173993,False,0.82,0.78,-5.0,130,0.45,0.01,0.0207,0.295,0.27,5,0,957140579,957.1
tr7077625283650,Bones,Imagine Dragons,53XhwfbYqKCa1cC15pYq2q,Mercury - Act 2,2022-01-01,pop rock,88,208257,True,0.84,0.8,-4.8,132,0.55,0.01,0.0208,0.184,0.056,4,1,682969085,683.0
tr8673749092334,Do I Wanna Know?,Arctic Monkeys,7Ln80lUS6He07XvHI8qqHH,AM,2013-01-01,indie rock,88,185196,False,0.52,0.52,-8.8,86,0.25,0.06,0.0162,0.297,0.239,4,1,733372764,733.4
tr6233496526223,505,Arctic Monkeys,7Ln80lUS6He07XvHI8qqHH,Favourite Worst Nightmare,2007-01-01,indie rock,86,232381,True,0.35,0.38,-11.2,76,0.22,0.18,0.0021,0.149,0.13,10,0,608251170,608.3
tr4466529095637,R U Mine?,Arctic Monkeys,7Ln80lUS6He07XvHI8qqHH,AM,2013-01-01,indie rock,87,162715,True,0.52,0.62,-7.5,100,0.28,0.03,0.0064,0.307,0.123,1,1,398390890,398.4
tr9222430791961,I Wanna Be Yours,Arctic Monkeys,7Ln80lUS6He07XvHI8qqHH,AM,2013-01-01,indie rock,85,214851,False,0.46,0.42,-10.0,82,0.38,0.08,0.0307,0.305,0.168,9,0,647208297,647.2
tr8208356875331,In the End,Linkin Park,36QJpDe2go2KgaRleHCDTp,Hybrid Theory,2000-01-01,rock,88,228951,False,0.62,0.92,-4.5,105,0.28,0.01,0.0038,0.119,0.329,11,1,812498138,812.5
tr0498918713455,Numb,Linkin Park,36QJpDe2go2KgaRleHCDTp,Meteora,2003-01-01,rock,87,219999,False,0.55,0.82,-5.5,120,0.23,0.02,0.0319,0.241,0.319,7,0,319662226,319.7
tr9915943348835,Crawling,Linkin Park,36QJpDe2go2KgaRleHCDTp,Hybrid Theory,2000-01-01,rock,85,195785,False,0.48,0.88,-5.2,100,0.18,0.01,0.0075,0.266,0.204,4,1,269272802,269.3
tr2596312404061,Heavy,Linkin Park,36QJpDe2go2KgaRleHCDTp,One More Light,2017-01-01,pop rock,84,220051,True,0.62,0.55,-7.5,108,0.42,0.12,0.0042,0.259,0.072,7,0,546750277,546.8
tr3561319221949,Just Dance,Lady Gaga,4LLpKhyESsyAXpc4laK94U,The Fame,2008-01-01,dance-pop,83,190925,True,0.8,0.82,-5.5,120,0.75,0.01,0.0175,0.278,0.248,11,0,577082262,577.1
tr4888230222433,Poker Face,Lady Gaga,4LLpKhyESsyAXpc4laK94U,The Fame,2008-01-01,dance-pop,85,253964,True,0.82,0.8,-5.2,120,0.7,0.0,0.0049,0.241,0.279,9,1,608160319,608.2
tr5501568509713,Bad Romance,Lady Gaga,4LLpKhyESsyAXpc4laK94U,The Fame Monster,2009-01-01,dance-pop,86,215893,False,0.72,0.8,-5.0,119,0.55,0.0,0.0391,0.103,0.343,1,0,297690260,297.7
tr4284719971055,Shallow,Lady Gaga,4LLpKhyESsyAXpc4laK94U,A Star Is Born OST,2018-01-01,pop,89,189560,True,0.48,0.58,-8.5,96,0.4,0.35,0.0308,0.278,0.243,9,0,1369052398,1369.1
tr7835000912571,Die With a Smile,Lady Gaga,4LLpKhyESsyAXpc4laK94U,Die With a Smile,2024-01-01,pop,91,195694,False,0.4,0.45,-10.0,88,0.55,0.4,0.0301,0.216,0.274,11,1,665297816,665.3
tr2485399052118,Uptown Funk,Bruno Mars,0du5cEVh5yTK9QJze8zA0C,Uptown Special,2014-01-01,funk,92,242835,True,0.89,0.82,-4.5,115,0.95,0.02,0.0169,0.327,0.117,8,1,2500000000,2500.0
tr4925808163016,Just the Way You Are,Bruno Mars,0du5cEVh5yTK9QJze8zA0C,Doo-Wops & Hooligans,2010-01-01,pop,87,162868,False,0.65,0.55,-8.0,109,0.8,0.25,0.0472,0.107,0.086,2,1,381517166,381.5
tr0519723445144,Locked Out of Heaven,Bruno Mars,0du5cEVh5yTK9QJze8zA0C,Unorthodox Jukebox,2012-01-01,pop,88,156563,True,0.79,0.82,-5.0,144,0.78,0.01,0.0496,0.245,0.145,6,0,1094046678,1094.0
tr2339620831225,That's What I Like,Bruno Mars,0du5cEVh5yTK9QJze8zA0C,24K Magic,2016-01-01,funk,90,224070,False,0.87,0.7,-5.5,109,0.93,0.03,0.0111,0.343,0.274,6,0,790176009,790.2
tr2958886313624,APT.,Bruno Mars,0du5cEVh5yTK9QJze8zA0C,Bruno Mars x ROSÉ,2024-01-01,pop,95,165222,False,0.82,0.75,-5.8,108,0.9,0.05,0.0089,0.204,0.345,5,1,1936882408,1936.9
tr0691355210376,drivers license,Olivia Rodrigo,66CXWjxzNUsdJxJ2JdwvnR,SOUR,2021-01-01,pop,93,226990,False,0.34,0.42,-9.5,96,0.42,0.48,0.0107,0.192,0.302,5,0,1500000000,1500.0
tr5972624833876,good 4 u,Olivia Rodrigo,66CXWjxzNUsdJxJ2JdwvnR,SOUR,2021-01-01,pop rock,92,195459,False,0.76,0.82,-4.5,166,0.65,0.03,0.0372,0.226,0.082,6,0,554426702,554.4
tr7839751643494,deja vu,Olivia Rodrigo,66CXWjxzNUsdJxJ2JdwvnR,SOUR,2021-01-01,pop,89,219880,False,0.68,0.62,-7.5,108,0.62,0.12,0.0217,0.081,0.217,7,0,651185268,651.2
tr0407508841587,vampire,Olivia Rodrigo,66CXWjxzNUsdJxJ2JdwvnR,GUTS,2023-01-01,pop,94,189310,False,0.55,0.52,-8.5,138,0.48,0.2,0.0441,0.119,0.108,9,1,1654696264,1654.7
tr7329429132267,bad idea right?,Olivia Rodrigo,66CXWjxzNUsdJxJ2JdwvnR,GUTS,2023-01-01,pop rock,90,222819,False,0.78,0.8,-5.5,130,0.62,0.04,0.0308,0.09,0.157,8,1,535464435,535.5
tr0931458179974,brutal,Olivia Rodrigo,66CXWjxzNUsdJxJ2JdwvnR,SOUR,2021-01-01,pop rock,88,172984,False,0.72,0.85,-4.8,168,0.55,0.02,0.0424,0.299,0.3,8,1,589527227,589.5
tr9042878229775,Baby,Justin Bieber,5WUlDfRSoLAfcVSX1WnrxN,My World 2.0,2010-01-01,pop,82,238214,False,0.72,0.68,-5.8,65,0.82,0.02,0.0421,0.181,0.201,9,1,649383090,649.4
tr3200754399988,Sorry,Justin Bieber,5WUlDfRSoLAfcVSX1WnrxN,Purpose,2015-01-01,dance-pop,85,248665,False,0.8,0.8,-4.8,100,0.88,0.01,0.0322,0.28,0.115,9,0,640354390,640.4
tr3227667564553,Love Yourself,Justin Bieber,5WUlDfRSoLAfcVSX1WnrxN,Purpose,2015-01-01,pop,88,203180,False,0.62,0.48,-9.5,112,0.72,0.52,0.0201,0.31,0.203,2,1,786611614,786.6
tr7700256776736,Peaches,Justin Bieber,5WUlDfRSoLAfcVSX1WnrxN,Justice,2021-01-01,r&b,88,202645,True,0.68,0.62,-7.5,90,0.75,0.18,0.0113,0.255,0.066,7,1,1011614283,1011.6
tr1499753436098,Bodak Yellow,Cardi B,5cj0lLjcoR7YOSnhnX0Po5,Invasion of Privacy,2017-01-01,hip-hop,88,263183,True,0.72,0.68,-6.8,120,0.42,0.02,0.0161,0.234,0.095,7,0,716486635,716.5
tr6160197164804,WAP,Cardi B,5cj0lLjcoR7YOSnhnX0Po5,WAP,2020-01-01,hip-hop,90,261873,False,0.82,0.72,-5.5,134,0.45,0.01,0.0491,0.097,0.298,2,1,1160394587,1160.4
tr1597153885787,I Like It,Cardi B,5cj0lLjcoR7YOSnhnX0Po5,Invasion of Privacy,2018-01-01,hip-hop,87,187864,False,0.82,0.78,-5.0,104,0.8,0.04,0.0118,0.149,0.069,11,0,625032317,625.0
tr5418371625044,Au DD,PNL,4vGrte8FDu062Ntj0RsMTd,Dans la légende,2016-01-01,hip-hop,80,205907,False,0.62,0.62,-8.5,130,0.38,0.08,0.0367,0.126,0.102,5,1,97999516,98.0
tr7763588980179,Naha,PNL,4vGrte8FDu062Ntj0RsMTd,Deux frères,2019-01-01,hip-hop,79,175168,False,0.6,0.58,-9.0,125,0.35,0.1,0.0496,0.269,0.272,9,1,203892857,203.9
tr4743577282206,Que la Seine,PNL,4vGrte8FDu062Ntj0RsMTd,Dans la légende,2016-01-01,hip-hop,78,214525,True,0.58,0.55,-9.5,128,0.32,0.12,0.0283,0.343,0.1,10,0,189926465,189.9
tr6653382025611,MMM,PNL,4vGrte8FDu062Ntj0RsMTd,Deux frères,2019-01-01,hip-hop,77,265609,False,0.62,0.6,-8.8,130,0.38,0.08,0.0465,0.28,0.067,2,1,63130683,63.1
tr7680400248013,Morezon,Ninho,2LA3idOBD3FaRoKVkMalHv,M.I.L.S 3,2019-01-01,hip-hop,80,265218,True,0.72,0.65,-7.5,115,0.55,0.05,0.0188,0.178,0.194,4,1,196055041,196.1
tr0082036682596,Bande organisée,Ninho,2LA3idOBD3FaRoKVkMalHv,Bande organisée,2020-01-01,hip-hop,82,219691,False,0.8,0.72,-6.5,120,0.52,0.03,0.0025,0.319,0.323,7,0,461129508,461.1
tr0652865549245,Millions,Ninho,2LA3idOBD3FaRoKVkMalHv,Millions,2021-01-01,hip-hop,83,224959,True,0.78,0.7,-7.0,118,0.58,0.04,0.0029,0.102,0.089,8,0,369512798,369.5
tr9193008480487,Macarena,Damso,3gBZUcNeVumkeeJ0ObjRev,LITHOPÉDION,2018-01-01,hip-hop,78,213387,True,0.68,0.62,-8.5,112,0.42,0.08,0.0141,0.044,0.061,6,0,111309641,111.3
tr4357899265848,Bruxelles Arrive,Damso,3gBZUcNeVumkeeJ0ObjRev,Ipséité,2017-01-01,hip-hop,77,239388,True,0.65,0.6,-9.0,108,0.38,0.1,0.0394,0.342,0.161,9,0,230280522,230.3
tr2608616056917,Hawái,Maluma,34UhPkLbtFKFNoMZel6ld4,Papi Juancho,2020-01-01,reggaeton,87,199217,True,0.82,0.75,-5.5,98,0.85,0.04,0.0453,0.075,0.21,0,0,194294636,194.3
tr3846644166869,Felices los 4,Maluma,34UhPkLbtFKFNoMZel6ld4,F.A.M.E.,2017-01-01,reggaeton,83,214579,False,0.84,0.78,-5.2,100,0.88,0.03,0.045,0.037,0.249,3,1,434295694,434.3
tr8704825702331,ADMV,Maluma,34UhPkLbtFKFNoMZel6ld4,Papi Juancho,2020-01-01,latin pop,84,236072,True,0.72,0.65,-7.0,92,0.78,0.1,0.0209,0.113,0.269,9,0,460777729,460.8
tr3487309274390,Todo de Ti,Rauw Alejandro,6GI52t8N99nIa16B0hRNgD,Afrodisíaco,2021-01-01,reggaeton,90,217902,True,0.86,0.8,-4.8,96,0.92,0.02,0.0327,0.093,0.22,2,0,1433893229,1433.9
tr1736017464466,Lokera,Rauw Alejandro,6GI52t8N99nIa16B0hRNgD,Lokera,2022-01-01,reggaeton,87,217399,False,0.84,0.78,-5.2,100,0.88,0.03,0.0057,0.078,0.118,9,0,510029654,510.0
tr0936086558528,Hayami,Rauw Alejandro,6GI52t8N99nIa16B0hRNgD,Saturno,2022-01-01,reggaeton,85,225437,False,0.82,0.75,-5.5,98,0.85,0.04,0.0281,0.197,0.084,1,1,460325682,460.3
